{
    "churn_model": {
        "weights": [
            -1.0986919204112762,
            1.1894721567817186,
            7.897255700861752,
            0.19459579167129565
        ],
        "bias": -4.467303292469062,
        "max_vals": [
            4,
            4579.86,
            160,
            2289.93
        ]
    },
    "forecast_model": {
        "slope": 204.4367857142857,
        "intercept": 2437.4975,
        "num_months": 8,
        "months": [
            "2025-11",
            "2025-12",
            "2026-01",
            "2026-02",
            "2026-03",
            "2026-04",
            "2026-05",
            "2026-06"
        ],
        "sales": [
            1117.8400000000001,
            4167.63,
            1131.91,
            4709.67,
            4000.7000000000003,
            3580.76,
            3205.88,
            3309.8199999999997
        ]
    }
}